Cycle start time,Cycle end time,Cycle timezone,Question text,Answered yes,Notes
2023-01-26 01:08:58,2023-01-27 02:07:48,UTC-08:00,Experiencing COVID-19 symptoms?,false,
2023-01-26 01:08:58,2023-01-27 02:07:48,UTC-08:00,Received dose #1 of COVID-19 vaccination?,false,
2023-01-26 01:08:58,2023-01-27 02:07:48,UTC-08:00,Felt recovered?,true,
2023-01-25 00:13:44,2023-01-26 01:08:58,UTC-08:00,Experiencing COVID-19 symptoms?,false,
2023-01-25 00:13:44,2023-01-26 01:08:58,UTC-08:00,Received dose #1 of COVID-19 vaccination?,false,
2023-01-25 00:13:44,2023-01-26 01:08:58,UTC-08:00,Felt recovered?,true,
2023-01-24 01:29:33,2023-01-25 00:13:44,UTC-08:00,Experiencing COVID-19 symptoms?,false,
2023-01-24 01:29:33,2023-01-25 00:13:44,UTC-08:00,Received dose #1 of COVID-19 vaccination?,false,
2023-01-24 01:29:33,2023-01-25 00:13:44,UTC-08:00,Felt recovered?,true,
